round_epochs,loss,mean_squared_error,mean_absolute_error,val_loss,val_mean_squared_error,val_mean_absolute_error,lr,y_smoothing,epochs,optimizer,batch_size
30,0.008642501197755337,0.008626888506114483,0.07085026800632477,0.024995293468236923,0.022864622995257378,0.1147036999464035,0.001,20,30,<class 'keras.src.optimizers.adam.Adam'>,1
30,0.011902403086423874,0.011710534803569317,0.08087901771068573,0.022894497960805893,0.021574214100837708,0.1050790548324585,0.001,20,30,<class 'keras.src.optimizers.adam.Adam'>,2
30,0.01271965354681015,0.012722481042146683,0.08306920528411865,0.020847836509346962,0.01993424817919731,0.10488255321979523,0.001,20,30,<class 'keras.src.optimizers.adam.Adam'>,4
30,0.012654541060328484,0.012605528347194195,0.08290111273527145,0.017699765041470528,0.017702741548419,0.098425954580307,0.001,20,30,<class 'keras.src.optimizers.adam.Adam'>,8
30,0.014590269885957241,0.014482999220490456,0.08835210651159286,0.02208464778959751,0.02213200367987156,0.11987904459238052,0.001,20,30,<class 'keras.src.optimizers.adam.Adam'>,16
30,0.018465761095285416,0.018454261124134064,0.09984191507101059,0.022350694984197617,0.022350694984197617,0.10889898985624313,0.001,20,30,<class 'keras.src.optimizers.adam.Adam'>,32
30,0.0316285565495491,0.03146662190556526,0.12754587829113007,0.07345207035541534,0.07345207035541534,0.2450588047504425,0.001,20,30,<class 'keras.src.optimizers.adam.Adam'>,64
