round_epochs,loss,mean_squared_error,mean_absolute_error,root_mean_squared_error,val_loss,val_mean_squared_error,val_mean_absolute_error,val_root_mean_squared_error,lr,epochs,optimizer,output_activation,loss,batch_size,regularization
30,44.55055236816406,44.5505485534668,3.344139575958252,6.674619674682617,69.18254089355469,69.18254089355469,4.042426109313965,8.317604064941406,0.005,30,<class 'keras.src.optimizers.adam.Adam'>,sigmoid,MeanSquaredError,4,No Regularisation
30,51.728641510009766,51.728641510009766,3.8384435176849365,7.192262649536133,74.30146789550781,74.30146789550781,4.420996189117432,8.619830131530762,0.005,30,<class 'keras.src.optimizers.adam.Adam'>,sigmoid,MeanSquaredError,4, Batch Normalisation
30,49.917564392089844,49.917564392089844,3.5097508430480957,7.0652360916137695,65.507568359375,65.507568359375,3.8786532878875732,8.093674659729004,0.005,30,<class 'keras.src.optimizers.adam.Adam'>,sigmoid,MeanSquaredError,4, Dropout
30,47.3708610534668,47.37085723876953,3.3621604442596436,6.882648944854736,59.244781494140625,59.244781494140625,3.67553973197937,7.697062969207764,0.005,30,<class 'keras.src.optimizers.adam.Adam'>,sigmoid,MeanSquaredError,4, Batch Normalisation + Dropout